   <classe nomJava = ""                                package = "test"                            nomTable = "XCTCAC"                          nomVue = "XCTCAC"                         >
      <attribut nomJava = "timestampCreationCampagne"       typeJava = "Date"                            nomSQL = "CAMTS"                           typeSQL = "TIMESTAMP(6)"                    estDansTable = "true"                            estClePrimaire = "true"                            estCleIncrementee = "false"                          />
      <attribut nomJava = "codeCategoriePS"                 typeJava = "String"                          nomSQL = "CPSCD"                           typeSQL = "VARCHAR2"                        estDansTable = "true"                            estClePrimaire = "true"                            estCleIncrementee = "false"                          />
   </classe>

   <classe nomJava = ""                                package = "test"                            nomTable = "XCTCAE"                          nomVue = "XCTCAE"                         >
      <attribut nomJava = "timestampCreationCampagne"       typeJava = "Date"                            nomSQL = "CAMTS"                           typeSQL = "TIMESTAMP(6)"                    estDansTable = "true"                            estClePrimaire = "true"                            estCleIncrementee = "false"                          />
      <attribut nomJava = "codeEtatConventionnel"           typeJava = "String"                          nomSQL = "ETPCD"                           typeSQL = "CHAR"                            estDansTable = "true"                            estClePrimaire = "true"                            estCleIncrementee = "false"                          />
   </classe>

   <classe nomJava = "campagnes"                       package = "test"                            nomTable = "XCTCAM"                          nomVue = "XCTCAM"                         >
      <attribut nomJava = "timestampTraitement"             typeJava = "Date"                            nomSQL = "CAMCREE_TRT_TS"                  typeSQL = "TIMESTAMP(6)"                    estDansTable = "true"                            estClePrimaire = "false"                           estCleIncrementee = "false"                          />
      <attribut nomJava = "campagneCreeePar"                typeJava = "String"                          nomSQL = "CAMCREE_UTI"                     typeSQL = "VARCHAR2"                        estDansTable = "true"                            estClePrimaire = "false"                           estCleIncrementee = "false"                          />
      <attribut nomJava = "timestampDerniereModificationCampagne"                         typeJava = "Date"                            nomSQL = "CAMDMAJTS"                       typeSQL = "TIMESTAMP(6)"                    estDansTable = "true"                            estClePrimaire = "false"                           estCleIncrementee = "false"                          />
      <attribut nomJava = "campagneModifieePar"             typeJava = "String"                          nomSQL = "CAMDMAJ_UTI"                     typeSQL = "VARCHAR2"                        estDansTable = "true"                            estClePrimaire = "false"                           estCleIncrementee = "false"                          />
      <attribut nomJava = "dateDebutCampagne"               typeJava = "String"                          nomSQL = "CAMDTD"                          typeSQL = "VARCHAR2"                        estDansTable = "true"                            estClePrimaire = "false"                           estCleIncrementee = "false"                          />
      <attribut nomJava = "dateEnvoi"                       typeJava = "String"                          nomSQL = "CAMDTENVOI"                      typeSQL = "VARCHAR2"                        estDansTable = "true"                            estClePrimaire = "false"                           estCleIncrementee = "false"                          />
      <attribut nomJava = "dateFinCampagne"                 typeJava = "String"                          nomSQL = "CAMDTF"                          typeSQL = "VARCHAR2"                        estDansTable = "true"                            estClePrimaire = "false"                           estCleIncrementee = "false"                          />
      <attribut nomJava = "designationCampagne"             typeJava = "String"                          nomSQL = "CAMLB"                           typeSQL = "VARCHAR2"                        estDansTable = "true"                            estClePrimaire = "false"                           estCleIncrementee = "false"                          />
      <attribut nomJava = "referenceCampagne"               typeJava = "String"                          nomSQL = "CAMREF"                          typeSQL = "VARCHAR2"                        estDansTable = "true"                            estClePrimaire = "false"                           estCleIncrementee = "false"                          />
      <attribut nomJava = "timestampDemandeSuppression"     typeJava = "Date"                            nomSQL = "CAMSUPPR_DDE_TS"                 typeSQL = "TIMESTAMP(6)"                    estDansTable = "true"                            estClePrimaire = "false"                           estCleIncrementee = "false"                          />
      <attribut nomJava = "timestampCreationCampagne"       typeJava = "Date"                            nomSQL = "CAMTS"                           typeSQL = "TIMESTAMP(6)"                    estDansTable = "true"                            estClePrimaire = "true"                            estCleIncrementee = "false"                          />
      <attribut nomJava = "identifiantTypologie"            typeJava = "Date"                            nomSQL = "TYPTS"                           typeSQL = "TIMESTAMP(6)"                    estDansTable = "true"                            estClePrimaire = "false"                           estCleIncrementee = "false"                          />
   </classe>

   <classe nomJava = "demandeActualisationSIGPS"       package = "test"                            nomTable = "XCTDEA"                          nomVue = "XCTDEA"                         >
      <attribut nomJava = "timestampCreationCampagne"       typeJava = "Date"                            nomSQL = "CAMTS"                           typeSQL = "TIMESTAMP(6)"                    estDansTable = "true"                            estClePrimaire = "false"                           estCleIncrementee = "false"                          />
      <attribut nomJava = "timestampDemandeActualisation"   typeJava = "Date"                            nomSQL = "DEATS"                           typeSQL = "TIMESTAMP(6)"                    estDansTable = "true"                            estClePrimaire = "true"                            estCleIncrementee = "false"                          />
      <attribut nomJava = "timestampTraitement"             typeJava = "Date"                            nomSQL = "TRTTS"                           typeSQL = "TIMESTAMP(6)"                    estDansTable = "true"                            estClePrimaire = "false"                           estCleIncrementee = "false"                          />
      <attribut nomJava = "compteUtilisateur"               typeJava = "String"                          nomSQL = "UTICPT"                          typeSQL = "VARCHAR2"                        estDansTable = "true"                            estClePrimaire = "false"                           estCleIncrementee = "false"                          />
   </classe>

   <classe nomJava = ""                                package = "test"                            nomTable = "XCTESS"                          nomVue = "XCTESS"                         >
      <attribut nomJava = "timestampCreationCampagne"       typeJava = "Date"                            nomSQL = "CAMTS"                           typeSQL = "TIMESTAMP(6)"                    estDansTable = "true"                            estClePrimaire = "true"                            estCleIncrementee = "false"                          />
      <attribut nomJava = "esscreeUti"                      typeJava = "String"                          nomSQL = "ESSCREE_UTI"                     typeSQL = "VARCHAR2"                        estDansTable = "true"                            estClePrimaire = "false"                           estCleIncrementee = "false"                          />
      <attribut nomJava = "essdmajts"                       typeJava = "Date"                            nomSQL = "ESSDMAJTS"                       typeSQL = "TIMESTAMP(6)"                    estDansTable = "true"                            estClePrimaire = "false"                           estCleIncrementee = "false"                          />
      <attribut nomJava = "essdmajUti"                      typeJava = "String"                          nomSQL = "ESSDMAJ_UTI"                     typeSQL = "VARCHAR2"                        estDansTable = "true"                            estClePrimaire = "false"                           estCleIncrementee = "false"                          />
      <attribut nomJava = "essdt"                           typeJava = "String"                          nomSQL = "ESSDT"                           typeSQL = "VARCHAR2"                        estDansTable = "true"                            estClePrimaire = "false"                           estCleIncrementee = "false"                          />
      <attribut nomJava = "essobs"                          typeJava = "Integer"                         nomSQL = "ESSOBS"                          typeSQL = "NUMBER"                          estDansTable = "true"                            estClePrimaire = "false"                           estCleIncrementee = "false"                          />
      <attribut nomJava = "date"                            typeJava = "Date"                            nomSQL = "ESSTS"                           typeSQL = "TIMESTAMP(6)"                    estDansTable = "true"                            estClePrimaire = "true"                            estCleIncrementee = "false"                          />
      <attribut nomJava = "pscid"                           typeJava = "Integer"                         nomSQL = "PSCID"                           typeSQL = "NUMBER"                          estDansTable = "true"                            estClePrimaire = "true"                            estCleIncrementee = "false"                          />
   </classe>

   <classe nomJava = "suiviChangements"                package = "test"                            nomTable = "XCTJNL"                          nomVue = "XCTJNL"                         >
      <attribut nomJava = "typeOperation"                   typeJava = "String"                          nomSQL = "JNLACTION"                       typeSQL = "CHAR"                            estDansTable = "true"                            estClePrimaire = "true"                            estCleIncrementee = "false"                          />
      <attribut nomJava = "colonneConcernee"                typeJava = "String"                          nomSQL = "JNLCOL"                          typeSQL = "VARCHAR2"                        estDansTable = "true"                            estClePrimaire = "true"                            estCleIncrementee = "false"                          />
      <attribut nomJava = "jnlident"                        typeJava = "String"                          nomSQL = "JNLIDENT"                        typeSQL = "VARCHAR2"                        estDansTable = "true"                            estClePrimaire = "true"                            estCleIncrementee = "false"                          />
      <attribut nomJava = "tableConcernee"                  typeJava = "String"                          nomSQL = "JNLTAB"                          typeSQL = "VARCHAR2"                        estDansTable = "true"                            estClePrimaire = "true"                            estCleIncrementee = "false"                          />
      <attribut nomJava = "timestampChangement"             typeJava = "Date"                            nomSQL = "JNLTS"                           typeSQL = "TIMESTAMP(6)"                    estDansTable = "true"                            estClePrimaire = "true"                            estCleIncrementee = "false"                          />
      <attribut nomJava = "valeurAvantModification"         typeJava = "String"                          nomSQL = "JNLVAL"                          typeSQL = "VARCHAR2"                        estDansTable = "true"                            estClePrimaire = "false"                           estCleIncrementee = "false"                          />
      <attribut nomJava = "compteUtilisateurAyantEffectueChangement"                      typeJava = "String"                          nomSQL = "JNL_UTI"                         typeSQL = "VARCHAR2"                        estDansTable = "true"                            estClePrimaire = "true"                            estCleIncrementee = "false"                          />
   </classe>

   <classe nomJava = "profilsUtilisateurs"             package = "test"                            nomTable = "XCTPFU"                          nomVue = "XCTPFU"                         >
      <attribut nomJava = "identifiantProfil"               typeJava = "Integer"                         nomSQL = "PFUID"                           typeSQL = "NUMBER"                          estDansTable = "true"                            estClePrimaire = "true"                            estCleIncrementee = "false"                          />
      <attribut nomJava = "libelleProfil"                   typeJava = "String"                          nomSQL = "PFULB"                           typeSQL = "VARCHAR2"                        estDansTable = "true"                            estClePrimaire = "false"                           estCleIncrementee = "false"                          />
   </classe>

   <classe nomJava = "parametres"                      package = "test"                            nomTable = "XCTPRM"                          nomVue = "XCTPRM"                         >
      <attribut nomJava = "identifiantParametre"            typeJava = "Integer"                         nomSQL = "PRMID"                           typeSQL = "NUMBER"                          estDansTable = "true"                            estClePrimaire = "true"                            estCleIncrementee = "false"                          />
      <attribut nomJava = "libelleParametre"                typeJava = "String"                          nomSQL = "PRMLB"                           typeSQL = "VARCHAR2"                        estDansTable = "true"                            estClePrimaire = "false"                           estCleIncrementee = "false"                          />
      <attribut nomJava = "valeurParametre"                 typeJava = "String"                          nomSQL = "PRMVAL"                          typeSQL = "VARCHAR2"                        estDansTable = "true"                            estClePrimaire = "false"                           estCleIncrementee = "false"                          />
   </classe>

   <classe nomJava = "contacts"                        package = "test"                            nomTable = "XCTPSC"                          nomVue = "XCTPSC"                         >
      <attribut nomJava = "timestampCreationCampagne"       typeJava = "Date"                            nomSQL = "CAMTS"                           typeSQL = "TIMESTAMP(6)"                    estDansTable = "true"                            estClePrimaire = "true"                            estCleIncrementee = "false"                          />
      <attribut nomJava = "compteUtilisateur"               typeJava = "String"                          nomSQL = "PSCAFF_UTI"                      typeSQL = "VARCHAR2"                        estDansTable = "true"                            estClePrimaire = "false"                           estCleIncrementee = "false"                          />
      <attribut nomJava = "nouveauCodeAdeli"                typeJava = "String"                          nomSQL = "PSCCDADELI"                      typeSQL = "VARCHAR2"                        estDansTable = "true"                            estClePrimaire = "false"                           estCleIncrementee = "false"                          />
      <attribut nomJava = "commentaires"                    typeJava = "String"                          nomSQL = "PSCCOMMENT"                      typeSQL = "VARCHAR2"                        estDansTable = "true"                            estClePrimaire = "false"                           estCleIncrementee = "false"                          />
      <attribut nomJava = "timestampDerniereModificationContact"                          typeJava = "Date"                            nomSQL = "PSCDMAJTS"                       typeSQL = "TIMESTAMP(6)"                    estDansTable = "true"                            estClePrimaire = "false"                           estCleIncrementee = "false"                          />
      <attribut nomJava = "contactModifiePar"               typeJava = "String"                          nomSQL = "PSCDMAJ_UTI"                     typeSQL = "VARCHAR2"                        estDansTable = "true"                            estClePrimaire = "false"                           estCleIncrementee = "false"                          />
      <attribut nomJava = "date1erAppelUtile"               typeJava = "String"                          nomSQL = "PSCDTUTILE1"                     typeSQL = "VARCHAR2"                        estDansTable = "true"                            estClePrimaire = "false"                           estCleIncrementee = "false"                          />
      <attribut nomJava = "date2emeAppelUtile"              typeJava = "String"                          nomSQL = "PSCDTUTILE2"                     typeSQL = "VARCHAR2"                        estDansTable = "true"                            estClePrimaire = "false"                           estCleIncrementee = "false"                          />
      <attribut nomJava = "dateDernierAppelUtile"           typeJava = "String"                          nomSQL = "PSCDTUTILE3"                     typeSQL = "VARCHAR2"                        estDansTable = "true"                            estClePrimaire = "false"                           estCleIncrementee = "false"                          />
      <attribut nomJava = "pscid"                           typeJava = "Integer"                         nomSQL = "PSCID"                           typeSQL = "NUMBER"                          estDansTable = "true"                            estClePrimaire = "true"                            estCleIncrementee = "false"                          />
      <attribut nomJava = "nombreRelances"                  typeJava = "Integer"                         nomSQL = "PSCNBREL"                        typeSQL = "NUMBER"                          estDansTable = "true"                            estClePrimaire = "false"                           estCleIncrementee = "false"                          />
      <attribut nomJava = "nouveauNumeroTelephone"          typeJava = "String"                          nomSQL = "PSCNTEL"                         typeSQL = "VARCHAR2"                        estDansTable = "true"                            estClePrimaire = "false"                           estCleIncrementee = "false"                          />
      <attribut nomJava = "pscobs1"                         typeJava = "Integer"                         nomSQL = "PSCOBS1"                         typeSQL = "NUMBER"                          estDansTable = "true"                            estClePrimaire = "false"                           estCleIncrementee = "false"                          />
      <attribut nomJava = "pscobs2"                         typeJava = "Integer"                         nomSQL = "PSCOBS2"                         typeSQL = "NUMBER"                          estDansTable = "true"                            estClePrimaire = "false"                           estCleIncrementee = "false"                          />
   </classe>

   <classe nomJava = "traitements"                     package = "test"                            nomTable = "XCTTRT"                          nomVue = "XCTTRT"                         >
      <attribut nomJava = "timestampTraitement"             typeJava = "Date"                            nomSQL = "TRTTS"                           typeSQL = "TIMESTAMP(6)"                    estDansTable = "true"                            estClePrimaire = "true"                            estCleIncrementee = "false"                          />
      <attribut nomJava = "identificationTraitement"        typeJava = "Integer"                         nomSQL = "TTRID"                           typeSQL = "NUMBER"                          estDansTable = "true"                            estClePrimaire = "false"                           estCleIncrementee = "false"                          />
   </classe>

   <classe nomJava = "typesTraitements"                package = "test"                            nomTable = "XCTTTR"                          nomVue = "XCTTTR"                         >
      <attribut nomJava = "libelleTraitement"               typeJava = "String"                          nomSQL = "TTLB"                            typeSQL = "VARCHAR2"                        estDansTable = "true"                            estClePrimaire = "false"                           estCleIncrementee = "false"                          />
      <attribut nomJava = "identificationTraitement"        typeJava = "Integer"                         nomSQL = "TTRID"                           typeSQL = "NUMBER"                          estDansTable = "true"                            estClePrimaire = "true"                            estCleIncrementee = "false"                          />
   </classe>

   <classe nomJava = "typologies"                      package = "test"                            nomTable = "XCTTYP"                          nomVue = "XCTTYP"                         >
      <attribut nomJava = "typologieCreeePar"               typeJava = "String"                          nomSQL = "TYPCREE_UTI"                     typeSQL = "VARCHAR2"                        estDansTable = "true"                            estClePrimaire = "false"                           estCleIncrementee = "false"                          />
      <attribut nomJava = "timestampDerniereModificationTypologie"                        typeJava = "Date"                            nomSQL = "TYPDMAJTS"                       typeSQL = "TIMESTAMP(6)"                    estDansTable = "true"                            estClePrimaire = "false"                           estCleIncrementee = "false"                          />
      <attribut nomJava = "typologieModifieePar"            typeJava = "String"                          nomSQL = "TYPDMAJ_UTI"                     typeSQL = "VARCHAR2"                        estDansTable = "true"                            estClePrimaire = "false"                           estCleIncrementee = "false"                          />
      <attribut nomJava = "libelleTypologie"                typeJava = "String"                          nomSQL = "TYPLB"                           typeSQL = "VARCHAR2"                        estDansTable = "true"                            estClePrimaire = "false"                           estCleIncrementee = "false"                          />
      <attribut nomJava = "identifiantTypologie"            typeJava = "Date"                            nomSQL = "TYPTS"                           typeSQL = "TIMESTAMP(6)"                    estDansTable = "true"                            estClePrimaire = "true"                            estCleIncrementee = "false"                          />
   </classe>

   <classe nomJava = "utilisateurs"                    package = "test"                            nomTable = "XCTUTI"                          nomVue = "XCTUTI"                         >
      <attribut nomJava = "identifiantProfil"               typeJava = "Integer"                         nomSQL = "PFUID"                           typeSQL = "NUMBER"                          estDansTable = "true"                            estClePrimaire = "false"                           estCleIncrementee = "false"                          />
      <attribut nomJava = "compteUtilisateur"               typeJava = "String"                          nomSQL = "UTICPT"                          typeSQL = "VARCHAR2"                        estDansTable = "true"                            estClePrimaire = "true"                            estCleIncrementee = "false"                          />
      <attribut nomJava = "timestampCreationCompte"         typeJava = "Date"                            nomSQL = "UTICREETS"                       typeSQL = "TIMESTAMP(6)"                    estDansTable = "true"                            estClePrimaire = "false"                           estCleIncrementee = "false"                          />
      <attribut nomJava = "compteCreePar"                   typeJava = "String"                          nomSQL = "UTICREE_UTI"                     typeSQL = "VARCHAR2"                        estDansTable = "true"                            estClePrimaire = "false"                           estCleIncrementee = "false"                          />
      <attribut nomJava = "timestampDerniereModificationCompte"                           typeJava = "Date"                            nomSQL = "UTIDMAJTS"                       typeSQL = "TIMESTAMP(6)"                    estDansTable = "true"                            estClePrimaire = "false"                           estCleIncrementee = "false"                          />
      <attribut nomJava = "compteModifiePar"                typeJava = "String"                          nomSQL = "UTIDMAJ_UTI"                     typeSQL = "VARCHAR2"                        estDansTable = "true"                            estClePrimaire = "false"                           estCleIncrementee = "false"                          />
      <attribut nomJava = "motPasse"                        typeJava = "String"                          nomSQL = "UTIMDP"                          typeSQL = "VARCHAR2"                        estDansTable = "true"                            estClePrimaire = "false"                           estCleIncrementee = "false"                          />
      <attribut nomJava = "nomUtilisateur"                  typeJava = "String"                          nomSQL = "UTINOM"                          typeSQL = "VARCHAR2"                        estDansTable = "true"                            estClePrimaire = "false"                           estCleIncrementee = "false"                          />
      <attribut nomJava = "prenomUtilisateur"               typeJava = "String"                          nomSQL = "UTIPRENOM"                       typeSQL = "VARCHAR2"                        estDansTable = "true"                            estClePrimaire = "false"                           estCleIncrementee = "false"                          />
   </classe>

